{"cameraMode":{"drawMode":0,"name":"Shaded","section":"Shading Mode"},"sceneLighting":true,"audioPlay":false,"sceneViewState":{"showFog":true,"showMaterialUpdate":false,"showSkybox":true,"showFlares":true,"showImageEffects":true,"showParticleSystems":true},"in2DMode":false,"pivot":{"x":11.140000343322754,"y":24.31999969482422,"z":9.970000267028809},"rotation":{"x":0.07658841460943222,"y":-0.9148342609405518,"z":0.33839836716651919,"w":0.20682431757450105},"size":2.8413407802581789,"orthographic":true}